파일명,원문 위치 설명,날짜,항목,수량,단가,원문 합계,계산 합계,상태,확인 이유
영수증_04.png,품목 표 1행,2026-05-06,안내문 인쇄 (A4 단면),50,200,,"10,000",정상,"""50매 × 200""에서 수량과 단가를 나눠 적음"
영수증_04.png,품목 표 2행,2026-05-06,포스터 (A2),2,"5,000",,"10,000",정상,
영수증_04.png,하단 합계 줄,2026-05-06,(합계),,,"22,000","20,000",확인 필요,"원문 합계 22,000은 부가세 2,000을 포함. 항목 합산 20,000은 공급가액. 열 구성에 부가세 칸이 없어 두 합계가 다르게 남음 — 오류가 아니라 형식 차이"

"# 아래는 ""부가세"" 열을 추가했을 때(06단계 3번)의 정답. 열 11개."
파일명,원문 위치 설명,날짜,항목,수량,단가,부가세,원문 합계,계산 합계,상태,확인 이유
영수증_04.png,품목 표 1행,2026-05-06,안내문 인쇄 (A4 단면),50,200,,,"10,000",정상,
영수증_04.png,품목 표 2행,2026-05-06,포스터 (A2),2,"5,000",,,"10,000",정상,
영수증_04.png,하단 합계 줄,2026-05-06,(합계),,,"2,000","22,000","22,000",정상,"공급가액 20,000 + 부가세 2,000 = 22,000. 원문 합계와 같음"
